{
	"client": "client/",
	"svr": "server/",
	"miniprogramRoot": "client/",
	"qcloudRoot": "server/",
	"setting": {
		"urlCheck": false,
		"es6": true,
		"postcss": true,
		"minified": true,
		"newFeature": true
	},
	"appid": "wx6d37a5bdd36c8982",
	"projectname": "miniMovies",
	"condition": {
		"search": {
			"current": -1,
			"list": []
		},
		"conversation": {
			"current": -1,
			"list": []
		},
		"plugin": {
			"current": -1,
			"list": []
		},
		"game": {
			"list": []
		},
		"miniprogram": {
			"current": -1,
			"list": [
				{
					"id": -1,
					"name": "user",
					"pathName": "pages/user/user",
					"query": ""
				},
				{
					"id": -1,
					"name": "hot",
					"pathName": "pages/hot/hot",
					"query": ""
				},
				{
					"id": 2,
					"name": "detail",
					"pathName": "pages/detail/detail",
					"query": ""
				},
				{
					"id": -1,
					"name": "edit",
					"pathName": "pages/edit_comment/edit_comment",
					"query": ""
				},
				{
					"id": -1,
					"name": "comment",
					"pathName": "pages/comment/comment",
					"query": ""
				},
				{
					"id": -1,
					"name": "comment-view",
					"pathName": "pages/comment-view/comment-view",
					"query": ""
				},
				{
					"id": 6,
					"name": "list",
					"pathName": "pages/comment-list/comment-list",
					"query": "id=14"
				}
			]
		}
	}
}